,situacao,anoConclusaoEnsinoMedio,chIntegralizadaMatriculada,chintegralizadaACE,chintegralizadaAF,chintegralizadaCF,chintegralizadaObrigatoria,chintegralizadaOptativa,chintegralizadaTotal,fracaoChIntegralizadaTotal,cidade,formaIngInstituicao,ira,sexo,tempoUniversidade,Cancelado,Reprovado por frequência,Reprovado por nota,DEC013_nota,DEE341_nota,DEE346_nota,DEE374_nota,DEE375_nota,DEC008_nota,DEC012_nota,DEC219_nota,DEE238_nota,DEE338_nota,DEE342_nota,DEE344_nota,DEE345_nota,DEC009_nota,DEC014_nota,DEC220_nota,DEE239_nota,DEE347_nota,DEE349_nota,DEE351_nota,DEE358_nota,DEE245_nota,DEE352_nota,DEE359_nota,DEE360_nota,DEC013_freq,DEE341_freq,DEE346_freq,DEE374_freq,DEE375_freq,DEC008_freq,DEC012_freq,DEC219_freq,DEE238_freq,DEE338_freq,DEE342_freq,DEE344_freq,DEE345_freq,DEC009_freq,DEC014_freq,DEC220_freq,DEE239_freq,DEE347_freq,DEE349_freq,DEE351_freq,DEE358_freq,DEE245_freq,DEE352_freq,DEE359_freq,DEE360_freq
0,0,2019,1740,0,0,0,1680,60,1740,54.1,Palotina,Vestibular,0.785,0,8.0,0.0,2.0,1.0,81.0,0.0,96.0,67.0,90.0,0.0,100.0,0.0,82.0,87.0,0.0,75.0,80.0,0.0,87.0,0.0,28.5,85.0,100.0,90.0,97.0,93.0,84.0,98.0,80.0,86.0,0.0,100.0,100.0,90.0,0.0,100.0,0.0,100.0,100.0,0.0,100.0,80.0,0.0,100.0,0.0,87.0,100.0,100.0,93.0,100.0,100.0,94.0,100.0,97.0
1,1,0,2376,0,0,0,2340,36,2376,73.3,Iporã,SISU,0.7094,0,17.0,13.0,4.0,3.0,0.0,70.0,70.0,0.0,100.0,96.0,0.0,0.0,0.0,25.33333333333333,70.0,0.0,0.0,0.0,90.0,0.0,53.5,81.0,90.0,76.0,5.0,89.0,89.0,0.0,71.0,0.0,100.0,100.0,0.0,100.0,94.0,0.0,0.0,0.0,93.66666666666669,86.0,0.0,0.0,0.0,100.0,0.0,93.0,91.0,100.0,94.0,27.5,94.0,93.0,0.0,92.0
2,1,2018,645,0,0,0,615,30,645,20.1,Toledo,SISU,0.4664,0,9.0,0.0,1.0,2.0,30.0,0.0,83.0,54.0,85.0,0.0,100.0,0.0,4.0,31.0,82.0,0.0,0.0,0.0,0.0,0.0,0.0,0.0,80.0,0.0,0.0,0.0,80.0,0.0,0.0,94.0,0.0,80.0,97.0,93.0,0.0,100.0,0.0,66.0,83.0,93.0,0.0,0.0,0.0,0.0,0.0,0.0,0.0,92.0,0.0,0.0,0.0,91.0,0.0,0.0
3,0,2016,390,0,0,0,120,0,120,3.7,Palotina,PSS ENEM,0.5,0,2.0,0.0,0.0,3.0,44.0,84.0,82.0,13.0,30.0,0.0,0.0,0.0,0.0,0.0,0.0,0.0,0.0,0.0,0.0,0.0,0.0,0.0,0.0,0.0,0.0,0.0,0.0,0.0,0.0,96.0,100.0,75.0,97.0,94.0,0.0,0.0,0.0,0.0,0.0,0.0,0.0,0.0,0.0,0.0,0.0,0.0,0.0,0.0,0.0,0.0,0.0,0.0,0.0,0.0
4,0,2018,990,0,0,0,675,30,705,21.9,Cafelândia,Vestibular,0.5106,0,10.0,0.0,9.0,1.0,20.0,0.0,100.0,50.0,78.0,0.0,93.0,0.0,0.0,75.0,82.0,0.0,0.0,0.0,0.0,0.0,0.0,0.0,80.0,41.0,56.0,0.0,80.0,0.0,18.5,72.0,0.0,77.0,95.0,85.0,0.0,96.0,0.0,0.0,87.0,93.0,0.0,0.0,0.0,0.0,0.0,0.0,22.5,96.0,87.0,90.0,0.0,97.0,0.0,12.0
5,1,2018,600,0,0,0,600,0,600,18.7,Terra Roxa,Vestibular,0.55,0,7.0,0.0,3.0,4.0,71.0,0.0,57.0,53.0,20.0,0.0,94.0,0.0,15.5,31.0,80.0,0.0,0.0,0.0,71.0,0.0,0.0,0.0,80.0,0.0,0.0,92.0,80.0,0.0,0.0,100.0,0.0,97.0,100.0,90.0,0.0,96.0,0.0,61.5,93.0,97.0,0.0,0.0,0.0,100.0,0.0,0.0,0.0,96.0,0.0,0.0,100.0,97.0,0.0,0.0
6,0,2015,1755,0,0,0,1380,30,1410,43.9,Palotina,Vestibular,0.5445,0,8.0,10.0,3.0,7.0,0.0,0.0,90.0,50.0,0.0,38.0,0.0,0.0,70.0,0.0,46.5,70.0,35.5,50.0,0.0,0.0,40.0,47.0,0.0,75.0,73.0,10.0,0.0,0.0,0.0,0.0,0.0,100.0,100.0,0.0,50.0,0.0,0.0,100.0,0.0,88.5,94.0,43.5,80.0,0.0,0.0,88.0,95.0,0.0,94.0,100.0,33.5,0.0,0.0,0.0
7,0,2019,390,0,0,0,90,0,90,2.8,Palotina,Vestibular,0.3726,0,2.0,0.0,3.0,1.0,26.0,28.0,92.0,0.0,14.0,0.0,0.0,0.0,0.0,0.0,0.0,0.0,0.0,0.0,0.0,0.0,0.0,0.0,0.0,0.0,0.0,0.0,0.0,0.0,0.0,87.0,74.0,75.0,74.0,34.0,0.0,0.0,0.0,0.0,0.0,0.0,0.0,0.0,0.0,0.0,0.0,0.0,0.0,0.0,0.0,0.0,0.0,0.0,0.0,0.0
8,1,2018,0,0,0,0,0,0,0,0.0,Assis Chateaubriand,Vestibular,0.0809,0,4.0,1.0,4.0,2.0,0.0,0.0,0.0,3.6666666666666665,12.333333333333334,0.0,0.0,0.0,0.0,0.0,0.0,0.0,0.0,0.0,0.0,0.0,0.0,0.0,0.0,0.0,0.0,0.0,0.0,0.0,0.0,0.0,0.0,0.0,36.0,26.666666666666668,0.0,0.0,0.0,0.0,0.0,0.0,0.0,0.0,0.0,0.0,0.0,0.0,0.0,0.0,0.0,0.0,0.0,0.0,0.0,0.0
9,0,2016,270,0,0,0,30,0,30,0.9,Palotina,Vestibular,0.29,0,2.0,2.0,2.0,2.0,7.0,39.0,36.0,0.0,13.0,0.0,0.0,0.0,0.0,0.0,0.0,0.0,0.0,0.0,0.0,0.0,0.0,0.0,0.0,0.0,0.0,0.0,0.0,0.0,0.0,52.0,87.0,77.0,0.0,67.0,0.0,0.0,0.0,0.0,0.0,0.0,0.0,0.0,0.0,0.0,0.0,0.0,0.0,0.0,0.0,0.0,0.0,0.0,0.0,0.0
10,0,2021,375,0,0,0,375,0,375,11.7,Nova Santa Rosa,Vestibular,0.5254,0,4.0,1.0,2.0,2.0,80.0,93.0,50.0,31.0,54.0,0.0,71.0,0.0,0.0,19.0,55.0,70.0,30.0,0.0,0.0,0.0,0.0,0.0,0.0,0.0,0.0,0.0,0.0,0.0,0.0,76.0,94.0,94.0,100.0,84.0,0.0,94.0,0.0,0.0,84.0,97.0,94.0,54.0,0.0,0.0,0.0,0.0,0.0,0.0,0.0,0.0,0.0,0.0,0.0,0.0
11,0,0,1575,0,0,0,1275,30,1305,40.6,Iporã,SISU,0.7962,0,6.0,0.0,0.0,2.0,94.0,97.0,84.0,57.0,96.0,82.0,76.0,0.0,22.0,84.0,70.0,81.0,100.0,90.0,100.0,0.0,0.0,72.0,85.0,96.0,88.0,0.0,85.0,94.0,70.0,100.0,100.0,100.0,100.0,100.0,100.0,94.0,0.0,97.0,97.0,100.0,97.0,100.0,90.0,97.0,0.0,0.0,94.0,94.0,100.0,100.0,0.0,94.0,97.0,100.0
12,1,0,1296,0,0,0,1224,72,1296,40.0,Palotina,SISU,0.4374,0,12.0,0.0,9.0,3.0,95.0,45.5,45.5,53.5,54.0,73.0,64.0,0.0,74.0,50.0,75.0,0.0,0.0,0.0,72.0,0.0,3.0,0.0,77.0,0.0,0.0,59.0,77.0,0.0,12.5,100.0,95.0,95.0,90.0,95.0,94.0,100.0,0.0,100.0,95.0,95.0,0.0,0.0,0.0,88.0,0.0,42.5,18.0,100.0,0.0,0.0,94.0,95.0,0.0,44.0
13,1,2018,0,0,0,0,0,0,0,0.0,Palotina,Vestibular,0.0,0,4.0,0.0,0.0,0.0,0.0,0.0,0.0,0.0,0.0,0.0,0.0,0.0,0.0,0.0,0.0,0.0,0.0,0.0,0.0,0.0,0.0,0.0,0.0,0.0,0.0,0.0,0.0,0.0,0.0,0.0,0.0,0.0,0.0,0.0,0.0,0.0,0.0,0.0,0.0,0.0,0.0,0.0,0.0,0.0,0.0,0.0,0.0,0.0,0.0,0.0,0.0,0.0,0.0,0.0
14,0,2021,840,0,0,0,555,0,555,17.3,Palotina,SISU,0.4936,0,4.0,0.0,5.0,3.0,74.0,62.0,89.0,50.0,32.0,40.0,9.0,0.0,3.0,18.0,50.0,52.0,33.0,0.0,0.0,0.0,0.0,73.0,0.0,50.0,0.0,0.0,0.0,0.0,0.0,78.0,100.0,94.0,94.0,97.0,54.0,37.0,0.0,94.0,48.5,100.0,94.0,40.0,0.0,0.0,0.0,0.0,100.0,0.0,94.0,0.0,0.0,0.0,0.0,0.0
15,1,2015,0,0,0,0,0,0,0,0.0,Palotina,Vestibular,0.0,0,4.0,0.0,0.0,0.0,0.0,0.0,0.0,0.0,0.0,0.0,0.0,0.0,0.0,0.0,0.0,0.0,0.0,0.0,0.0,0.0,0.0,0.0,0.0,0.0,0.0,0.0,0.0,0.0,0.0,0.0,0.0,0.0,0.0,0.0,0.0,0.0,0.0,0.0,0.0,0.0,0.0,0.0,0.0,0.0,0.0,0.0,0.0,0.0,0.0,0.0,0.0,0.0,0.0,0.0
16,0,0,555,0,0,0,240,0,240,7.5,Palotina,SISU,0.3487,0,4.0,1.0,3.0,10.0,23.0,9.0,22.0,21.0,40.0,80.0,57.0,0.0,0.0,0.0,15.0,60.0,0.0,0.0,42.0,0.0,0.0,0.0,0.0,33.0,0.0,0.0,0.0,0.0,0.0,71.5,100.0,87.0,100.0,87.0,87.0,94.0,0.0,90.0,48.5,47.0,94.0,10.0,0.0,84.0,0.0,0.0,0.0,0.0,87.0,0.0,0.0,0.0,0.0,0.0
17,1,0,0,0,0,0,0,0,0,0.0,Marechal Cândido Rondon,SISU,0.0063,0,2.0,0.0,0.0,0.0,0.0,0.0,0.0,0.0,0.0,0.0,0.0,0.0,0.0,0.0,0.0,0.0,0.0,0.0,0.0,0.0,0.0,0.0,0.0,0.0,0.0,0.0,0.0,0.0,0.0,0.0,0.0,0.0,0.0,0.0,0.0,0.0,0.0,0.0,0.0,0.0,0.0,0.0,0.0,0.0,0.0,0.0,0.0,0.0,0.0,0.0,0.0,0.0,0.0,0.0
18,1,2019,0,0,0,0,0,0,0,0.0,Palotina,Vestibular,0.0,1,4.0,0.0,0.0,0.0,0.0,0.0,0.0,0.0,0.0,0.0,0.0,0.0,0.0,0.0,0.0,0.0,0.0,0.0,0.0,0.0,0.0,0.0,0.0,0.0,0.0,0.0,0.0,0.0,0.0,0.0,0.0,0.0,0.0,0.0,0.0,0.0,0.0,0.0,0.0,0.0,0.0,0.0,0.0,0.0,0.0,0.0,0.0,0.0,0.0,0.0,0.0,0.0,0.0,0.0
19,1,2017,0,0,0,0,0,0,0,0.0,Maripá,Vestibular,0.0981,0,3.0,0.0,0.0,0.0,0.0,0.0,0.0,0.0,0.0,0.0,0.0,0.0,0.0,0.0,0.0,0.0,0.0,0.0,0.0,0.0,0.0,0.0,0.0,0.0,0.0,0.0,0.0,0.0,0.0,0.0,0.0,0.0,0.0,0.0,0.0,0.0,0.0,0.0,0.0,0.0,0.0,0.0,0.0,0.0,0.0,0.0,0.0,0.0,0.0,0.0,0.0,0.0,0.0,0.0
20,0,2019,780,0,0,0,555,0,555,17.3,Marechal Cândido Rondon,Vestibular,0.4827,0,8.0,4.0,12.0,2.0,41.0,85.0,36.0,8.5,85.0,85.0,7.666666666666667,0.0,0.0,17.666666666666668,80.0,70.0,11.5,90.0,0.0,0.0,0.0,71.0,70.0,29.0,0.0,0.0,70.0,0.0,0.0,44.66666666666666,90.0,36.66666666666666,33.5,87.0,100.0,40.333333333333336,0.0,54.0,53.333333333333336,90.0,94.0,10.5,90.0,0.0,0.0,0.0,87.0,100.0,74.0,0.0,0.0,94.0,0.0,0.0
21,0,2018,30,0,0,0,0,0,0,0.0,Palotina,PSS ENEM,0.0063,0,2.0,0.0,5.0,1.0,4.0,0.0,0.0,0.0,0.0,0.0,0.0,0.0,0.0,0.0,0.0,0.0,0.0,0.0,0.0,0.0,0.0,0.0,0.0,0.0,0.0,0.0,0.0,0.0,0.0,36.0,67.0,40.0,84.0,0.0,0.0,0.0,0.0,0.0,0.0,0.0,0.0,0.0,0.0,0.0,0.0,0.0,0.0,0.0,0.0,0.0,0.0,0.0,0.0,0.0
22,1,0,1860,0,0,0,1830,30,1860,57.9,Palotina,SISU,0.0,0,10.0,3.0,0.0,2.0,74.0,0.0,94.0,91.0,95.0,70.0,87.0,0.0,59.0,83.0,90.0,0.0,0.0,0.0,83.0,0.0,70.0,78.0,63.0,0.0,90.0,77.0,85.0,0.0,87.0,100.0,0.0,100.0,100.0,100.0,83.0,100.0,0.0,88.0,100.0,100.0,0.0,0.0,0.0,100.0,0.0,100.0,100.0,96.0,0.0,97.0,100.0,100.0,0.0,95.0
23,1,0,1422,0,0,0,1422,0,1422,43.9,Cafelândia,SISU,0.5289,0,10.0,5.0,2.0,6.0,71.0,50.0,50.0,57.0,51.5,96.0,95.0,0.0,54.66666666666666,51.0,72.0,0.0,0.0,0.0,0.0,0.0,80.0,56.0,61.0,35.0,55.0,81.0,90.0,0.0,70.0,100.0,97.0,97.0,100.0,97.5,77.0,96.0,0.0,95.0,100.0,100.0,0.0,0.0,0.0,0.0,0.0,100.0,94.0,96.0,69.0,95.0,94.0,97.0,0.0,91.0
24,1,0,180,0,0,0,180,0,180,5.6,Palotina,Aproveitamento Curso Superior,0.3785,0,7.0,6.0,0.0,0.0,0.0,0.0,0.0,0.0,0.0,0.0,0.0,0.0,0.0,0.0,0.0,0.0,0.0,0.0,0.0,0.0,0.0,0.0,0.0,0.0,0.0,0.0,0.0,0.0,0.0,0.0,0.0,0.0,0.0,0.0,0.0,0.0,0.0,0.0,0.0,0.0,0.0,0.0,0.0,0.0,0.0,0.0,0.0,0.0,0.0,0.0,0.0,0.0,0.0,0.0
25,0,2018,435,0,0,0,165,0,165,5.1,Palotina,PSS ENEM,0.642,1,2.0,4.0,0.0,1.0,67.0,77.0,71.0,0.0,41.0,0.0,0.0,0.0,0.0,0.0,0.0,0.0,0.0,0.0,0.0,0.0,0.0,0.0,0.0,0.0,0.0,0.0,0.0,0.0,0.0,89.0,94.0,79.0,0.0,87.0,0.0,0.0,0.0,0.0,0.0,0.0,0.0,0.0,0.0,0.0,0.0,0.0,0.0,0.0,0.0,0.0,0.0,0.0,0.0,0.0
26,1,0,165,0,0,0,165,0,165,5.1,Sapucaia do Sul,SISU,0.0,0,3.0,0.0,0.0,0.0,0.0,0.0,0.0,0.0,0.0,0.0,0.0,0.0,0.0,0.0,0.0,0.0,0.0,0.0,0.0,0.0,0.0,0.0,0.0,0.0,0.0,0.0,0.0,0.0,0.0,0.0,0.0,0.0,0.0,0.0,0.0,0.0,0.0,0.0,0.0,0.0,0.0,0.0,0.0,0.0,0.0,0.0,0.0,0.0,0.0,0.0,0.0,0.0,0.0,0.0
27,0,2018,375,0,0,0,165,0,165,5.1,Palotina,Vestibular,0.3616,0,2.0,1.0,1.0,1.0,51.0,70.0,61.0,0.0,0.0,0.0,0.0,0.0,0.0,0.0,0.0,0.0,0.0,0.0,0.0,0.0,0.0,0.0,0.0,0.0,0.0,0.0,0.0,0.0,0.0,85.0,94.0,87.0,90.0,0.0,0.0,0.0,0.0,0.0,0.0,0.0,0.0,0.0,0.0,0.0,0.0,0.0,0.0,0.0,0.0,0.0,0.0,0.0,0.0,0.0
28,1,2005,465,0,0,0,435,30,465,14.5,Palotina,Vestibular,0.6656,0,7.0,0.0,0.0,0.0,85.0,0.0,0.0,82.0,97.0,0.0,0.0,0.0,0.0,0.0,0.0,0.0,0.0,0.0,0.0,0.0,0.0,0.0,80.0,90.0,0.0,0.0,0.0,0.0,0.0,100.0,0.0,0.0,93.0,100.0,0.0,0.0,0.0,0.0,0.0,0.0,0.0,0.0,0.0,0.0,0.0,0.0,0.0,100.0,100.0,0.0,0.0,0.0,0.0,0.0
29,1,2020,0,0,0,0,0,0,0,0.0,Curitiba,Vestibular,0.0042,0,4.0,0.0,0.0,0.0,0.0,0.0,0.0,0.0,0.0,0.0,0.0,0.0,0.0,0.0,0.0,0.0,0.0,0.0,0.0,0.0,0.0,0.0,0.0,0.0,0.0,0.0,0.0,0.0,0.0,0.0,0.0,0.0,0.0,0.0,0.0,0.0,0.0,0.0,0.0,0.0,0.0,0.0,0.0,0.0,0.0,0.0,0.0,0.0,0.0,0.0,0.0,0.0,0.0,0.0
30,0,2019,465,0,0,0,465,0,465,14.5,Palotina,Vestibular,0.3501,0,8.0,2.0,10.0,5.0,64.0,81.0,40.5,74.0,70.0,90.0,72.0,0.0,17.0,3.0,10.0,73.0,13.0,84.0,0.0,0.0,0.0,0.0,2.5,10.0,0.0,0.0,0.0,0.0,0.0,100.0,87.0,50.0,100.0,78.0,100.0,100.0,0.0,97.0,42.0,77.0,80.0,40.0,80.0,0.0,0.0,0.0,20.0,3.5,60.0,0.0,0.0,0.0,0.0,0.0
31,1,0,648,0,0,0,0,0,0,0.0,Palotina,SISU,0.542,0,11.0,1.0,4.0,3.0,82.0,73.0,73.0,57.5,63.0,0.0,70.0,0.0,0.0,27.0,18.0,0.0,0.0,0.0,40.0,0.0,0.0,0.0,87.0,0.0,0.0,0.0,91.0,0.0,0.0,88.0,97.0,97.0,82.5,100.0,0.0,100.0,0.0,100.0,75.5,74.0,0.0,0.0,0.0,75.0,0.0,0.0,0.0,100.0,0.0,0.0,44.0,95.0,0.0,0.0
32,0,2016,2820,150,0,0,2235,60,2295,71.4,Palotina,Vestibular,0.8323,0,10.0,7.0,0.0,0.0,42.0,0.0,86.0,79.0,90.0,100.0,100.0,0.0,54.0,81.0,79.0,0.0,37.5,100.0,97.0,0.0,96.0,41.5,85.0,80.0,90.0,77.0,90.0,0.0,70.0,93.0,0.0,82.0,100.0,100.0,94.0,100.0,0.0,100.0,96.0,95.0,0.0,47.0,94.0,97.0,0.0,100.0,50.0,100.0,93.0,90.0,94.0,97.0,0.0,100.0
33,0,2019,0,0,0,0,0,0,0,0.0,Maripá,SISU,0.0284,1,2.0,0.0,6.0,0.0,4.0,0.0,0.0,0.0,2.0,0.0,0.0,0.0,0.0,0.0,0.0,0.0,0.0,0.0,0.0,0.0,0.0,0.0,0.0,0.0,0.0,0.0,0.0,0.0,0.0,47.0,60.0,24.0,54.0,60.0,0.0,0.0,0.0,0.0,0.0,0.0,0.0,0.0,0.0,0.0,0.0,0.0,0.0,0.0,0.0,0.0,0.0,0.0,0.0,0.0
36,0,2022,465,0,0,0,135,0,135,4.2,Curitiba,SISU,0.4847,0,2.0,0.0,0.0,3.0,59.0,32.0,98.0,4.0,33.0,0.0,0.0,0.0,0.0,0.0,0.0,0.0,0.0,0.0,0.0,0.0,0.0,0.0,0.0,0.0,0.0,0.0,0.0,0.0,0.0,78.0,100.0,75.0,97.0,90.0,0.0,0.0,0.0,0.0,0.0,0.0,0.0,0.0,0.0,0.0,0.0,0.0,0.0,0.0,0.0,0.0,0.0,0.0,0.0,0.0
37,0,2016,3425,75,335,0,2565,90,2990,93.0,Palotina,SISU,0.7199,0,14.0,7.0,3.0,6.0,77.0,0.0,81.0,97.0,70.0,40.0,87.0,0.0,72.0,61.0,72.0,0.0,80.0,50.0,72.0,0.0,36.333333333333336,86.0,85.0,87.0,70.0,65.0,80.0,0.0,44.0,88.0,0.0,95.0,88.0,97.0,50.0,96.0,0.0,100.0,91.0,93.0,0.0,87.0,80.0,88.0,0.0,94.0,91.0,96.0,94.0,91.0,94.0,93.0,0.0,63.333333333333336
38,0,2022,270,0,0,0,0,0,0,0.0,Palotina,Vestibular,0.1442,0,2.0,0.0,4.0,2.0,14.0,13.0,44.0,0.0,3.0,0.0,0.0,0.0,0.0,0.0,0.0,0.0,0.0,0.0,0.0,0.0,0.0,0.0,0.0,0.0,0.0,0.0,0.0,0.0,0.0,60.0,74.0,87.0,87.0,17.0,0.0,0.0,0.0,0.0,0.0,0.0,0.0,0.0,0.0,0.0,0.0,0.0,0.0,0.0,0.0,0.0,0.0,0.0,0.0,0.0
39,1,2018,144,0,0,0,144,0,144,4.4,Maripá,Vestibular,0.2907,0,6.0,0.0,2.0,6.0,65.0,4.5,4.5,33.0,8.0,0.0,98.0,0.0,0.0,7.0,45.0,0.0,0.0,0.0,0.0,0.0,0.0,0.0,75.0,0.0,0.0,0.0,30.0,0.0,0.0,100.0,42.0,42.0,100.0,82.0,0.0,100.0,0.0,68.0,72.0,95.0,0.0,0.0,0.0,0.0,0.0,0.0,0.0,96.0,0.0,0.0,0.0,95.0,0.0,0.0
40,0,2017,2625,0,0,0,2370,90,2460,76.5,Maripá,Vestibular,0.741,0,12.0,1.0,1.0,2.0,70.0,0.0,77.0,70.0,71.0,70.0,71.0,0.0,38.5,53.0,85.0,0.0,100.0,80.0,79.0,0.0,65.0,75.0,74.0,80.0,80.0,71.0,75.0,0.0,71.0,94.0,0.0,98.0,100.0,82.0,83.0,85.0,0.0,70.75,93.0,95.0,0.0,100.0,87.0,100.0,0.0,100.0,100.0,96.0,94.0,95.0,94.0,100.0,0.0,95.0
41,0,2021,900,0,0,0,615,0,615,19.1,Palotina,Vestibular,0.6154,0,4.0,0.0,1.0,3.0,65.0,81.0,67.0,50.0,64.0,0.0,80.0,0.0,4.5,17.5,50.0,52.0,7.5,70.0,70.0,0.0,0.0,0.0,95.0,70.0,0.0,0.0,0.0,0.0,0.0,100.0,100.0,100.0,100.0,100.0,0.0,100.0,0.0,50.0,50.0,100.0,100.0,33.5,87.0,100.0,0.0,0.0,0.0,100.0,94.0,0.0,0.0,0.0,0.0,0.0
42,0,2019,2511,120,0,0,1935,90,2025,63.0,Palotina,SISU,0.7809,0,8.0,2.0,3.0,0.0,89.0,0.0,93.0,63.0,90.0,0.0,90.0,0.0,81.0,100.0,90.0,82.0,70.0,0.0,85.0,0.0,52.0,80.0,80.0,78.0,90.0,84.0,82.0,0.0,0.0,100.0,0.0,100.0,100.0,90.0,0.0,100.0,0.0,100.0,100.0,97.0,100.0,80.0,0.0,100.0,0.0,100.0,100.0,100.0,100.0,90.0,97.0,90.0,0.0,0.0
43,1,0,234,0,0,0,234,0,234,7.2,Palotina,SISU,0.2592,0,7.0,0.0,6.0,2.0,55.5,20.0,20.0,28.0,81.0,0.0,93.0,0.0,1.0,0.0,0.0,0.0,0.0,0.0,0.0,0.0,0.0,0.0,80.0,0.0,0.0,0.0,0.0,0.0,0.0,70.5,78.0,78.0,100.0,75.0,0.0,85.0,0.0,48.0,0.0,0.0,0.0,0.0,0.0,0.0,0.0,0.0,0.0,77.0,0.0,0.0,0.0,42.0,0.0,0.0
44,0,2022,705,0,0,0,435,0,435,13.5,Assis Chateaubriand,Vestibular,0.6509,0,4.0,0.0,2.0,1.0,89.0,93.0,82.0,70.0,53.0,0.0,0.0,0.0,4.0,11.5,72.0,71.0,79.0,0.0,0.0,0.0,0.0,0.0,0.0,0.0,0.0,0.0,0.0,0.0,0.0,96.0,94.0,94.0,97.0,84.0,0.0,33.5,0.0,35.0,40.0,84.0,87.0,100.0,0.0,0.0,0.0,0.0,0.0,0.0,0.0,0.0,0.0,0.0,0.0,0.0
45,1,2019,0,0,0,0,0,0,0,0.0,Palotina,Vestibular,0.02,0,4.0,6.0,0.0,0.0,0.0,0.0,0.0,0.0,0.0,0.0,0.0,0.0,0.0,0.0,0.0,0.0,0.0,0.0,0.0,0.0,0.0,0.0,0.0,0.0,0.0,0.0,0.0,0.0,0.0,0.0,0.0,0.0,0.0,0.0,0.0,0.0,0.0,0.0,0.0,0.0,0.0,0.0,0.0,0.0,0.0,0.0,0.0,0.0,0.0,0.0,0.0,0.0,0.0,0.0
46,0,2021,510,0,0,0,180,0,180,5.6,Jesuítas,Vestibular,0.5579,0,2.0,0.0,0.0,2.0,38.0,90.0,78.0,5.0,72.0,0.0,0.0,0.0,0.0,0.0,0.0,0.0,0.0,0.0,0.0,0.0,0.0,0.0,0.0,0.0,0.0,0.0,0.0,0.0,0.0,78.0,100.0,97.0,90.0,94.0,0.0,0.0,0.0,0.0,0.0,0.0,0.0,0.0,0.0,0.0,0.0,0.0,0.0,0.0,0.0,0.0,0.0,0.0,0.0,0.0
47,0,2022,555,0,0,0,225,0,225,7.0,Francisco Alves,Vestibular,0.6032,0,2.0,0.0,0.0,1.0,56.0,83.0,86.0,12.0,70.0,0.0,0.0,0.0,0.0,0.0,0.0,0.0,0.0,0.0,0.0,0.0,0.0,0.0,0.0,0.0,0.0,0.0,0.0,0.0,0.0,100.0,100.0,100.0,100.0,94.0,0.0,0.0,0.0,0.0,0.0,0.0,0.0,0.0,0.0,0.0,0.0,0.0,0.0,0.0,0.0,0.0,0.0,0.0,0.0,0.0
48,0,2015,2520,75,0,0,2040,90,2130,66.3,Palotina,SISU,0.8055,0,10.0,1.0,0.0,1.0,86.0,0.0,91.0,72.0,84.0,0.0,100.0,0.0,56.5,70.0,71.0,0.0,93.0,0.0,98.0,0.0,71.0,78.0,88.0,83.0,97.0,87.0,85.0,96.0,84.0,100.0,0.0,100.0,100.0,100.0,0.0,100.0,0.0,100.0,97.0,97.0,0.0,94.0,0.0,100.0,0.0,100.0,100.0,100.0,100.0,100.0,100.0,100.0,100.0,100.0
49,0,2021,615,0,0,0,285,0,285,8.9,Palotina,PSS ENEM,0.7905,0,2.0,0.0,0.0,0.0,68.0,100.0,88.0,65.0,85.0,0.0,0.0,0.0,0.0,0.0,0.0,0.0,0.0,0.0,0.0,0.0,0.0,0.0,0.0,0.0,0.0,0.0,0.0,0.0,0.0,100.0,100.0,97.0,100.0,97.0,0.0,0.0,0.0,0.0,0.0,0.0,0.0,0.0,0.0,0.0,0.0,0.0,0.0,0.0,0.0,0.0,0.0,0.0,0.0,0.0
50,0,2015,270,0,0,0,0,0,0,0.0,Palotina,PSS ENEM,0.1526,1,2.0,3.0,6.0,0.0,12.0,33.0,25.0,0.0,8.0,0.0,0.0,0.0,0.0,0.0,0.0,0.0,0.0,0.0,0.0,0.0,0.0,0.0,0.0,0.0,0.0,0.0,0.0,0.0,0.0,43.0,54.0,37.0,67.0,25.0,0.0,0.0,0.0,0.0,0.0,0.0,0.0,0.0,0.0,0.0,0.0,0.0,0.0,0.0,0.0,0.0,0.0,0.0,0.0,0.0
51,0,2017,2880,195,0,0,2235,30,2265,70.5,Palotina,SISU,0.7548,0,10.0,2.0,3.0,2.0,76.0,0.0,71.0,55.0,88.0,0.0,92.0,0.0,46.5,46.0,66.0,0.0,86.0,0.0,81.0,0.0,0.0,83.0,85.0,80.0,94.0,83.0,80.0,90.0,26.0,88.0,0.0,95.0,97.0,86.0,0.0,96.0,0.0,88.5,83.5,91.0,0.0,87.0,0.0,100.0,0.0,0.0,100.0,92.0,94.0,90.0,84.0,88.0,94.0,80.0
52,0,2015,420,0,0,0,120,0,120,3.7,Palotina,Vestibular,0.5395,0,2.0,0.0,0.0,3.0,35.0,86.0,93.0,13.0,41.0,0.0,0.0,0.0,0.0,0.0,0.0,0.0,0.0,0.0,0.0,0.0,0.0,0.0,0.0,0.0,0.0,0.0,0.0,0.0,0.0,96.0,100.0,90.0,90.0,97.0,0.0,0.0,0.0,0.0,0.0,0.0,0.0,0.0,0.0,0.0,0.0,0.0,0.0,0.0,0.0,0.0,0.0,0.0,0.0,0.0
53,1,2016,0,0,0,0,0,0,0,0.0,Terra Roxa,Vestibular,0.0,0,4.0,0.0,0.0,0.0,0.0,0.0,0.0,0.0,0.0,0.0,0.0,0.0,0.0,0.0,0.0,0.0,0.0,0.0,0.0,0.0,0.0,0.0,0.0,0.0,0.0,0.0,0.0,0.0,0.0,0.0,0.0,0.0,0.0,0.0,0.0,0.0,0.0,0.0,0.0,0.0,0.0,0.0,0.0,0.0,0.0,0.0,0.0,0.0,0.0,0.0,0.0,0.0,0.0,0.0
54,0,2016,480,0,0,0,180,0,180,5.6,Palotina,Vestibular,0.4753,0,2.0,0.0,0.0,2.0,27.0,73.0,77.0,0.0,52.0,0.0,0.0,0.0,0.0,0.0,0.0,0.0,0.0,0.0,0.0,0.0,0.0,0.0,0.0,0.0,0.0,0.0,0.0,0.0,0.0,87.0,80.0,82.0,84.0,84.0,0.0,0.0,0.0,0.0,0.0,0.0,0.0,0.0,0.0,0.0,0.0,0.0,0.0,0.0,0.0,0.0,0.0,0.0,0.0,0.0
55,1,2014,1380,0,0,0,1320,60,1380,42.9,Palotina,Vestibular,0.7037,0,7.0,2.0,0.0,0.0,0.0,0.0,0.0,0.0,97.0,0.0,0.0,0.0,80.0,0.0,0.0,0.0,0.0,0.0,0.0,0.0,0.0,0.0,0.0,0.0,0.0,0.0,0.0,0.0,0.0,0.0,0.0,0.0,0.0,100.0,0.0,0.0,0.0,100.0,0.0,0.0,0.0,0.0,0.0,0.0,0.0,0.0,0.0,0.0,0.0,0.0,0.0,0.0,0.0,0.0
56,1,0,0,0,0,0,0,0,0,0.0,Palotina,SISU,0.0,0,2.0,0.0,0.0,0.0,0.0,0.0,0.0,0.0,0.0,0.0,0.0,0.0,0.0,0.0,0.0,0.0,0.0,0.0,0.0,0.0,0.0,0.0,0.0,0.0,0.0,0.0,0.0,0.0,0.0,0.0,0.0,0.0,0.0,0.0,0.0,0.0,0.0,0.0,0.0,0.0,0.0,0.0,0.0,0.0,0.0,0.0,0.0,0.0,0.0,0.0,0.0,0.0,0.0,0.0
57,1,2019,390,0,0,0,390,0,390,12.1,Assis Chateaubriand,Vestibular,0.8073,0,6.0,0.0,1.0,0.0,67.0,0.0,0.0,83.0,94.0,0.0,70.0,0.0,0.0,0.0,0.0,0.0,0.0,0.0,0.0,0.0,0.0,0.0,70.0,0.0,92.0,0.0,0.0,0.0,0.0,74.0,0.0,0.0,77.0,78.0,0.0,100.0,0.0,0.0,0.0,0.0,0.0,0.0,0.0,0.0,0.0,0.0,0.0,100.0,0.0,90.0,0.0,0.0,0.0,0.0
58,0,2020,555,0,0,0,225,0,225,7.0,Palotina,Vestibular,0.6553,0,2.0,0.0,0.0,1.0,65.0,95.0,85.0,18.0,77.0,0.0,0.0,0.0,0.0,0.0,0.0,0.0,0.0,0.0,0.0,0.0,0.0,0.0,0.0,0.0,0.0,0.0,0.0,0.0,0.0,96.0,94.0,100.0,100.0,94.0,0.0,0.0,0.0,0.0,0.0,0.0,0.0,0.0,0.0,0.0,0.0,0.0,0.0,0.0,0.0,0.0,0.0,0.0,0.0,0.0
60,0,2015,525,0,0,0,225,0,225,7.0,Paranaguá,PSS ENEM,0.52,0,2.0,0.0,0.0,1.0,58.0,86.0,72.0,0.0,52.0,0.0,0.0,0.0,0.0,0.0,0.0,0.0,0.0,0.0,0.0,0.0,0.0,0.0,0.0,0.0,0.0,0.0,0.0,0.0,0.0,94.0,87.0,90.0,87.0,94.0,0.0,0.0,0.0,0.0,0.0,0.0,0.0,0.0,0.0,0.0,0.0,0.0,0.0,0.0,0.0,0.0,0.0,0.0,0.0,0.0
61,0,2021,525,0,0,0,210,0,210,6.5,Palotina,SISU,0.3217,0,4.0,1.0,7.0,6.0,22.0,10.0,30.0,5.0,11.0,0.0,59.0,0.0,0.0,12.5,15.0,55.0,0.0,0.0,38.0,0.0,0.0,0.0,5.0,35.0,0.0,0.0,0.0,0.0,0.0,56.0,100.0,70.0,80.0,84.0,0.0,80.0,0.0,37.0,33.5,45.0,87.0,13.5,0.0,84.0,0.0,0.0,0.0,7.0,87.0,0.0,0.0,0.0,0.0,0.0
63,0,2020,645,0,0,0,375,0,375,11.7,Colíder,Vestibular,0.6168,1,2.0,2.0,0.0,1.0,78.0,84.0,77.0,9.0,65.0,0.0,0.0,0.0,0.0,0.0,0.0,0.0,0.0,0.0,0.0,0.0,0.0,0.0,0.0,0.0,0.0,0.0,0.0,0.0,0.0,100.0,94.0,87.0,97.0,94.0,0.0,0.0,0.0,0.0,0.0,0.0,0.0,0.0,0.0,0.0,0.0,0.0,0.0,0.0,0.0,0.0,0.0,0.0,0.0,0.0
64,1,2017,270,0,0,0,270,0,270,8.3,Assis Chateaubriand,Vestibular,0.7654,0,4.0,2.0,0.0,0.0,0.0,0.0,0.0,74.0,0.0,0.0,0.0,0.0,0.0,0.0,0.0,0.0,0.0,0.0,0.0,0.0,0.0,0.0,90.0,0.0,0.0,0.0,0.0,0.0,0.0,0.0,0.0,0.0,77.0,0.0,0.0,0.0,0.0,0.0,0.0,0.0,0.0,0.0,0.0,0.0,0.0,0.0,0.0,100.0,0.0,0.0,0.0,0.0,0.0,0.0
65,0,2014,3392,0,200,0,2934,108,3242,100.0,Palotina,SISU,0.8007,0,14.0,0.0,1.0,0.0,87.0,78.0,78.0,81.0,82.0,98.0,85.0,0.0,62.0,71.0,93.0,0.0,0.0,0.0,70.0,0.0,76.0,81.0,94.0,91.0,70.0,70.0,92.0,0.0,73.0,83.0,86.0,86.0,93.0,95.0,83.0,92.0,0.0,95.0,97.0,91.0,0.0,0.0,0.0,94.0,0.0,95.0,97.0,96.0,100.0,91.0,94.0,95.0,0.0,95.0
66,1,0,0,0,0,0,0,0,0,0.0,Marechal Cândido Rondon,SISU,0.0,1,2.0,0.0,0.0,0.0,0.0,0.0,0.0,0.0,0.0,0.0,0.0,0.0,0.0,0.0,0.0,0.0,0.0,0.0,0.0,0.0,0.0,0.0,0.0,0.0,0.0,0.0,0.0,0.0,0.0,0.0,0.0,0.0,0.0,0.0,0.0,0.0,0.0,0.0,0.0,0.0,0.0,0.0,0.0,0.0,0.0,0.0,0.0,0.0,0.0,0.0,0.0,0.0,0.0,0.0
67,0,2012,2340,75,0,0,2010,30,2040,63.5,Palotina,Vestibular,0.5865,0,8.0,9.0,8.0,2.0,0.0,0.0,0.0,0.0,0.0,35.0,28.0,0.0,73.0,0.0,0.0,0.0,35.5,50.0,51.0,0.0,43.5,54.5,0.0,43.0,70.0,46.0,0.0,0.0,0.0,0.0,0.0,0.0,0.0,0.0,50.0,45.0,0.0,88.0,0.0,0.0,0.0,47.0,80.0,76.5,0.0,88.0,97.0,0.0,47.0,80.0,47.0,0.0,0.0,0.0
68,0,2022,300,0,0,0,0,0,0,0.0,Palotina,Vestibular,0.1337,1,2.0,0.0,2.0,4.0,34.0,13.0,0.0,0.0,8.0,0.0,0.0,0.0,0.0,0.0,0.0,0.0,0.0,0.0,0.0,0.0,0.0,0.0,0.0,0.0,0.0,0.0,0.0,0.0,0.0,76.0,60.0,50.0,87.0,77.0,0.0,0.0,0.0,0.0,0.0,0.0,0.0,0.0,0.0,0.0,0.0,0.0,0.0,0.0,0.0,0.0,0.0,0.0,0.0,0.0
69,0,2020,675,0,0,0,405,0,405,12.6,Palotina,Vestibular,0.5038,0,4.0,0.0,3.0,6.0,73.0,76.0,30.0,40.0,63.0,0.0,67.0,0.0,0.0,13.0,50.0,17.5,0.0,0.0,47.0,0.0,0.0,0.0,20.0,78.0,0.0,0.0,0.0,0.0,0.0,96.0,100.0,87.0,94.0,94.0,27.0,77.0,0.0,0.0,43.5,87.0,43.5,13.5,0.0,80.0,0.0,0.0,0.0,27.0,94.0,0.0,0.0,0.0,0.0,0.0
70,1,0,0,0,0,0,0,0,0,0.0,Assis Chateaubriand,SISU,0.3646,1,1.0,0.0,0.0,0.0,0.0,0.0,0.0,0.0,0.0,0.0,0.0,0.0,0.0,0.0,0.0,0.0,0.0,0.0,0.0,0.0,0.0,0.0,0.0,0.0,0.0,0.0,0.0,0.0,0.0,0.0,0.0,0.0,0.0,0.0,0.0,0.0,0.0,0.0,0.0,0.0,0.0,0.0,0.0,0.0,0.0,0.0,0.0,0.0,0.0,0.0,0.0,0.0,0.0,0.0
71,0,0,2340,75,0,0,1905,30,1935,60.2,Toledo,Reopção,0.5576,1,16.0,7.0,7.0,8.0,0.0,0.0,74.0,49.0,39.0,45.5,0.0,0.0,58.0,53.5,70.0,0.0,15.0,50.0,0.0,0.0,39.0,71.0,47.0,75.0,27.0,35.0,84.0,0.0,74.0,0.0,0.0,75.0,79.0,82.5,63.5,0.0,0.0,100.0,76.5,75.0,0.0,17.0,80.0,0.0,0.0,81.0,91.0,81.0,93.0,64.66666666666667,84.0,95.0,0.0,95.0
72,0,2016,330,0,0,0,90,0,90,2.8,Palotina,PSS ENEM,0.2526,0,2.0,0.0,3.0,1.0,0.0,50.0,95.0,0.0,0.0,0.0,0.0,0.0,0.0,0.0,0.0,0.0,0.0,0.0,0.0,0.0,0.0,0.0,0.0,0.0,0.0,0.0,0.0,0.0,0.0,14.0,87.0,75.0,100.0,0.0,0.0,0.0,0.0,0.0,0.0,0.0,0.0,0.0,0.0,0.0,0.0,0.0,0.0,0.0,0.0,0.0,0.0,0.0,0.0,0.0
73,1,2014,1350,0,0,0,1350,0,1350,42.0,Marechal Cândido Rondon,Vestibular,0.4288,0,12.0,12.0,2.0,10.0,57.0,0.0,52.0,44.66666666666666,55.0,0.0,73.0,0.0,34.5,19.0,70.0,0.0,0.0,0.0,68.0,0.0,0.0,0.0,64.0,86.0,6.0,50.0,70.0,0.0,3.0,83.0,0.0,86.0,65.0,90.0,0.0,88.0,0.0,76.5,80.0,77.0,0.0,0.0,0.0,94.0,0.0,0.0,40.0,96.0,91.0,31.0,94.0,88.0,0.0,42.0
74,1,2018,0,0,0,0,0,0,0,0.0,Palotina,Vestibular,0.0863,0,4.0,0.0,1.0,0.0,23.0,0.0,0.0,0.0,0.0,0.0,0.0,0.0,0.0,0.0,0.0,0.0,0.0,0.0,0.0,0.0,0.0,0.0,0.0,0.0,0.0,0.0,0.0,0.0,0.0,58.0,0.0,0.0,0.0,0.0,0.0,0.0,0.0,0.0,0.0,0.0,0.0,0.0,0.0,0.0,0.0,0.0,0.0,0.0,0.0,0.0,0.0,0.0,0.0,0.0
75,0,2019,435,0,0,0,165,0,165,5.1,Palotina,PSS ENEM,0.4332,0,2.0,1.0,1.0,1.0,55.0,73.0,81.0,0.0,12.0,0.0,0.0,0.0,0.0,0.0,0.0,0.0,0.0,0.0,0.0,0.0,0.0,0.0,0.0,0.0,0.0,0.0,0.0,0.0,0.0,85.0,87.0,75.0,87.0,34.0,0.0,0.0,0.0,0.0,0.0,0.0,0.0,0.0,0.0,0.0,0.0,0.0,0.0,0.0,0.0,0.0,0.0,0.0,0.0,0.0
76,1,2009,0,0,0,0,0,0,0,0.0,Marechal Cândido Rondon,Vestibular,0.0015,0,6.0,0.0,7.0,0.0,0.0,1.0,1.0,0.0,0.0,0.0,0.0,0.0,0.0,0.0,0.0,0.0,0.0,0.0,0.0,0.0,0.0,0.0,0.0,0.0,0.0,0.0,0.0,0.0,0.0,33.0,52.0,52.0,48.0,28.0,0.0,0.0,0.0,0.0,0.0,0.0,0.0,0.0,0.0,0.0,0.0,0.0,0.0,0.0,0.0,0.0,0.0,0.0,0.0,0.0
77,0,2022,300,0,0,0,0,0,0,0.0,Altônia,Vestibular,0.0995,0,2.0,0.0,5.0,1.0,17.0,13.0,8.0,0.0,6.0,0.0,0.0,0.0,0.0,0.0,0.0,0.0,0.0,0.0,0.0,0.0,0.0,0.0,0.0,0.0,0.0,0.0,0.0,0.0,0.0,58.0,67.0,54.0,80.0,34.0,0.0,0.0,0.0,0.0,0.0,0.0,0.0,0.0,0.0,0.0,0.0,0.0,0.0,0.0,0.0,0.0,0.0,0.0,0.0,0.0
78,1,2017,450,0,0,0,450,0,450,13.9,Terra Roxa,Vestibular,0.2216,0,8.0,0.0,10.0,3.0,67.0,50.0,50.0,58.0,40.0,42.5,77.0,0.0,5.5,0.5,8.5,0.0,0.0,0.0,0.0,0.0,0.0,0.0,59.0,0.0,0.0,0.0,0.0,0.0,0.0,100.0,100.0,100.0,100.0,83.0,62.5,90.0,0.0,53.0,29.5,54.0,0.0,0.0,0.0,0.0,0.0,0.0,0.0,96.0,0.0,0.0,0.0,54.0,0.0,0.0
79,0,2017,3260,120,335,0,2520,90,2945,91.6,Palotina,Vestibular,0.8106,0,12.0,3.0,2.0,1.0,76.0,0.0,87.0,74.0,76.0,75.0,76.0,0.0,47.0,70.0,83.0,0.0,93.0,72.0,87.0,0.0,75.0,74.0,77.0,90.0,95.0,79.0,95.0,0.0,82.0,100.0,0.0,100.0,100.0,100.0,94.0,94.0,0.0,85.5,100.0,95.0,0.0,100.0,100.0,100.0,0.0,100.0,100.0,100.0,100.0,100.0,100.0,100.0,0.0,95.0
80,1,0,660,0,0,0,660,0,660,20.5,Marechal Cândido Rondon,SISU,0.5035,0,9.0,11.0,3.0,6.0,81.0,0.0,22.666666666666668,50.0,48.5,82.0,93.0,0.0,7.0,13.0,53.5,0.0,0.0,0.0,74.0,0.0,0.0,0.0,78.0,0.0,0.0,0.0,52.0,0.0,0.0,94.0,0.0,55.66666666666666,95.0,88.0,77.0,96.0,0.0,32.5,40.5,87.5,0.0,0.0,0.0,100.0,0.0,100.0,0.0,96.0,0.0,0.0,0.0,97.0,0.0,0.0
81,0,2015,3377,0,200,0,2934,108,3242,100.0,Palotina,SISU,0.6582,1,14.0,7.0,2.0,8.0,84.0,82.0,82.0,56.5,77.0,88.0,77.0,0.0,70.0,37.0,24.5,0.0,0.0,0.0,73.0,0.0,30.5,55.0,71.0,80.0,50.5,69.0,70.0,0.0,75.0,100.0,95.0,95.0,94.5,100.0,83.0,100.0,0.0,100.0,81.0,78.5,0.0,0.0,0.0,94.0,0.0,73.75,86.0,100.0,88.0,91.0,94.0,100.0,0.0,84.0
82,1,2014,660,0,0,0,660,0,660,20.5,Palotina,Vestibular,0.7638,0,7.0,6.0,0.0,0.0,77.0,0.0,67.0,73.0,77.0,0.0,100.0,0.0,51.0,70.0,78.0,0.0,0.0,0.0,0.0,0.0,0.0,0.0,90.0,0.0,0.0,0.0,95.0,0.0,0.0,100.0,0.0,97.0,100.0,97.0,0.0,100.0,0.0,97.0,97.0,95.0,0.0,0.0,0.0,0.0,0.0,0.0,0.0,100.0,0.0,0.0,0.0,97.0,0.0,0.0
83,0,2022,390,0,0,0,180,0,180,5.6,Maripá,Vestibular,0.4411,0,2.0,1.0,0.0,2.0,28.0,71.0,58.0,0.0,60.0,0.0,0.0,0.0,0.0,0.0,0.0,0.0,0.0,0.0,0.0,0.0,0.0,0.0,0.0,0.0,0.0,0.0,0.0,0.0,0.0,96.0,94.0,90.0,94.0,97.0,0.0,0.0,0.0,0.0,0.0,0.0,0.0,0.0,0.0,0.0,0.0,0.0,0.0,0.0,0.0,0.0,0.0,0.0,0.0,0.0
84,1,0,1116,0,0,0,1116,0,1116,34.4,Nova Santa Rosa,SISU,0.6246,0,8.0,0.0,3.0,1.0,70.0,80.0,80.0,61.0,79.0,70.0,70.0,0.0,18.0,26.0,70.0,0.0,0.0,0.0,35.0,0.0,0.0,64.0,76.0,0.0,75.0,55.0,85.0,0.0,0.0,83.0,87.0,87.0,88.0,87.0,83.0,77.0,0.0,65.0,70.0,82.0,0.0,0.0,0.0,94.0,0.0,0.0,88.0,96.0,0.0,95.0,77.0,93.0,0.0,0.0
85,1,0,180,0,0,0,0,0,0,0.0,Iporã,SISU,0.1368,0,5.0,0.0,5.0,4.0,0.0,15.0,15.0,3.0,9.0,98.0,0.0,0.0,0.0,0.0,0.0,0.0,0.0,0.0,0.0,0.0,0.0,0.0,77.0,0.0,0.0,0.0,0.0,0.0,0.0,0.0,94.0,94.0,95.0,86.0,88.0,0.0,0.0,0.0,0.0,0.0,0.0,0.0,0.0,0.0,0.0,0.0,0.0,100.0,0.0,0.0,0.0,31.0,0.0,0.0
86,0,2017,1515,75,0,0,1140,0,1140,35.5,Foz do Iguaçu,SISU,0.6723,0,6.0,0.0,3.0,6.0,82.0,87.0,70.0,19.0,94.0,75.0,84.0,0.0,23.0,42.5,90.0,82.0,17.666666666666668,90.0,99.0,0.0,0.0,72.0,95.0,93.0,70.0,0.0,79.0,100.0,0.0,89.0,80.0,100.0,93.5,100.0,100.0,97.0,0.0,97.0,89.0,97.0,97.0,26.666666666666668,90.0,99.0,0.0,0.0,94.0,94.0,100.0,97.0,0.0,97.0,97.0,0.0
87,1,0,54,0,0,0,0,0,0,0.0,Palotina,SISU,0.0957,0,5.0,0.0,8.0,0.0,0.0,1.0,1.0,0.0,0.0,0.0,73.0,0.0,0.0,0.0,0.0,0.0,0.0,0.0,0.0,0.0,0.0,0.0,37.0,0.0,0.0,0.0,0.0,0.0,0.0,38.0,47.0,47.0,48.0,22.0,0.0,81.0,0.0,0.0,0.0,0.0,0.0,0.0,0.0,0.0,0.0,0.0,0.0,70.0,0.0,0.0,0.0,31.0,0.0,0.0
88,1,0,144,0,0,0,0,0,0,0.0,Palotina,SISU,0.2263,0,5.0,1.0,4.0,3.0,86.0,15.0,15.0,4.0,0.0,0.0,98.0,0.0,0.0,1.0,11.0,0.0,0.0,0.0,0.0,0.0,0.0,0.0,80.0,0.0,0.0,0.0,0.0,0.0,0.0,100.0,84.0,84.0,68.0,11.0,0.0,92.0,0.0,100.0,55.0,84.0,0.0,0.0,0.0,0.0,0.0,0.0,0.0,100.0,0.0,0.0,0.0,31.0,0.0,0.0
89,1,0,54,0,0,0,0,0,0,0.0,Palotina,SISU,0.0725,0,5.0,0.0,13.0,0.0,0.0,0.0,0.0,6.0,0.0,0.0,78.0,0.0,0.0,0.0,0.0,0.0,0.0,0.0,20.0,0.0,0.0,0.0,0.0,0.0,0.0,0.0,0.0,0.0,0.0,5.5,16.5,16.5,42.0,0.0,0.0,77.0,0.0,0.0,0.0,71.0,0.0,0.0,0.0,0.0,0.0,0.0,0.0,66.0,0.0,0.0,0.0,31.0,0.0,0.0
91,0,2017,960,0,0,0,870,0,870,27.1,Palotina,Vestibular,0.3986,0,12.0,5.0,14.0,4.0,72.0,0.0,57.0,50.0,34.0,95.0,70.0,0.0,14.166666666666666,70.0,37.5,0.0,12.0,20.0,0.0,0.0,0.0,0.0,65.0,7.0,0.0,0.0,51.0,0.0,0.0,94.0,0.0,84.0,95.0,66.0,90.0,85.0,0.0,59.5,85.0,71.5,0.0,17.0,54.0,0.0,0.0,0.0,0.0,96.0,17.0,0.0,0.0,95.5,0.0,3.5
92,1,2022,120,0,0,0,120,0,120,3.7,Palotina,Vestibular,0.4705,0,2.0,0.0,0.0,0.0,0.0,0.0,0.0,0.0,0.0,0.0,0.0,0.0,0.0,0.0,0.0,0.0,0.0,0.0,0.0,0.0,0.0,0.0,0.0,0.0,0.0,0.0,0.0,0.0,0.0,0.0,0.0,0.0,0.0,0.0,0.0,0.0,0.0,0.0,0.0,0.0,0.0,0.0,0.0,0.0,0.0,0.0,0.0,0.0,0.0,0.0,0.0,0.0,0.0,0.0
95,0,2014,450,0,0,0,150,0,150,4.7,Terra Roxa,SISU,0.3921,1,6.0,1.0,5.0,2.0,67.0,94.0,72.0,45.5,0.0,0.0,0.0,0.0,0.0,0.0,0.0,0.0,0.0,0.0,0.0,0.0,0.0,0.0,5.0,0.0,0.0,0.0,0.0,0.0,0.0,74.0,100.0,80.0,98.5,0.0,0.0,0.0,0.0,0.0,0.0,0.0,0.0,0.0,0.0,0.0,0.0,0.0,0.0,7.0,0.0,0.0,0.0,0.0,0.0,0.0
96,0,0,510,0,0,0,180,0,180,5.6,Terra Roxa,SISU,0.5679,0,2.0,0.0,0.0,2.0,43.0,84.0,70.0,13.0,76.0,0.0,0.0,0.0,0.0,0.0,0.0,0.0,0.0,0.0,0.0,0.0,0.0,0.0,0.0,0.0,0.0,0.0,0.0,0.0,0.0,100.0,100.0,97.0,97.0,94.0,0.0,0.0,0.0,0.0,0.0,0.0,0.0,0.0,0.0,0.0,0.0,0.0,0.0,0.0,0.0,0.0,0.0,0.0,0.0,0.0
97,0,2014,1995,75,0,0,1545,0,1545,48.1,Palotina,PSS ENEM,0.5433,0,2.0,0.0,1.0,0.0,0.0,0.0,0.0,0.0,0.0,0.0,0.0,0.0,0.0,0.0,0.0,0.0,0.0,0.0,0.0,0.0,0.0,0.0,0.0,0.0,0.0,0.0,0.0,0.0,0.0,0.0,0.0,0.0,0.0,0.0,0.0,0.0,0.0,0.0,0.0,0.0,0.0,0.0,0.0,0.0,0.0,0.0,0.0,0.0,0.0,0.0,0.0,0.0,0.0,0.0
98,1,2014,2778,0,0,0,2520,108,2628,81.1,Palotina,Vestibular,0.5072,0,17.0,4.0,9.0,8.0,0.0,52.0,52.0,84.0,53.5,99.0,0.0,0.0,50.0,45.5,70.0,0.0,0.0,0.0,70.0,0.0,39.0,86.0,84.0,84.0,53.0,48.5,83.0,0.0,75.0,0.0,88.0,88.0,75.0,89.5,88.0,0.0,0.0,86.33333333333333,88.0,85.0,0.0,0.0,0.0,88.0,0.0,80.0,100.0,100.0,100.0,77.0,66.5,100.0,0.0,97.0
99,0,2021,1275,0,0,0,885,0,885,27.5,Palotina,Vestibular,0.7383,0,4.0,0.0,0.0,1.0,75.0,94.0,71.0,50.0,60.0,0.0,88.0,0.0,10.0,79.0,79.0,81.0,79.0,92.0,70.0,0.0,0.0,89.0,95.0,83.0,83.0,0.0,0.0,0.0,0.0,92.0,100.0,94.0,97.0,97.0,0.0,100.0,0.0,100.0,97.0,97.0,94.0,94.0,94.0,100.0,0.0,0.0,100.0,100.0,94.0,100.0,0.0,0.0,0.0,0.0
100,1,2014,918,0,0,0,0,0,0,0.0,Maripá,Vestibular,0.3834,0,9.0,0.0,15.0,3.0,86.0,70.0,70.0,77.0,77.0,0.0,80.0,0.0,66.0,24.0,1.0,0.0,0.0,0.0,0.0,0.0,6.0,11.0,68.0,30.0,3.0,73.0,80.0,0.0,47.0,77.0,75.0,75.0,86.0,76.0,0.0,85.0,0.0,100.0,40.0,11.0,0.0,0.0,0.0,0.0,0.0,48.0,66.0,88.0,50.0,57.0,94.0,93.0,0.0,82.0
101,0,0,2835,75,0,0,2385,90,2475,77.0,Palotina,SISU,0.8164,0,12.0,2.0,1.0,1.0,79.0,0.0,84.0,87.0,83.0,96.0,79.0,0.0,70.0,70.0,90.0,0.0,80.0,100.0,88.0,0.0,34.333333333333336,84.0,90.0,96.0,85.0,87.0,90.0,0.0,84.0,100.0,0.0,100.0,100.0,91.0,88.0,87.0,0.0,93.0,95.0,95.0,0.0,80.0,90.0,88.0,0.0,92.66666666666669,94.0,96.0,100.0,93.0,100.0,100.0,0.0,91.0
102,0,2017,915,0,0,0,555,0,555,17.3,Paranaguá,PSS ENEM,0.8973,1,2.0,0.0,0.0,0.0,82.0,93.0,100.0,0.0,87.0,0.0,0.0,0.0,0.0,0.0,0.0,0.0,0.0,0.0,0.0,0.0,0.0,0.0,0.0,0.0,0.0,0.0,0.0,0.0,0.0,96.0,87.0,94.0,0.0,97.0,0.0,0.0,0.0,0.0,0.0,0.0,0.0,0.0,0.0,0.0,0.0,0.0,0.0,0.0,0.0,0.0,0.0,0.0,0.0,0.0
104,0,2022,330,0,0,0,90,0,90,2.8,Palotina,Vestibular,0.3968,0,2.0,1.0,1.0,3.0,48.0,29.0,88.0,5.0,10.0,0.0,0.0,0.0,0.0,0.0,0.0,0.0,0.0,0.0,0.0,0.0,0.0,0.0,0.0,0.0,0.0,0.0,0.0,0.0,0.0,96.0,100.0,90.0,87.0,34.0,0.0,0.0,0.0,0.0,0.0,0.0,0.0,0.0,0.0,0.0,0.0,0.0,0.0,0.0,0.0,0.0,0.0,0.0,0.0,0.0
105,0,0,270,0,0,0,0,0,0,0.0,Palotina,SISU,0.1595,0,2.0,0.0,1.0,5.0,29.0,21.0,0.0,0.0,28.0,0.0,0.0,0.0,0.0,0.0,0.0,0.0,0.0,0.0,0.0,0.0,0.0,0.0,0.0,0.0,0.0,0.0,0.0,0.0,0.0,100.0,87.0,60.0,90.0,87.0,0.0,0.0,0.0,0.0,0.0,0.0,0.0,0.0,0.0,0.0,0.0,0.0,0.0,0.0,0.0,0.0,0.0,0.0,0.0,0.0
106,1,2018,72,0,0,0,72,0,72,2.2,Maripá,Vestibular,0.08,0,4.0,0.0,0.0,0.0,0.0,0.0,0.0,0.0,0.0,0.0,0.0,0.0,0.0,0.0,0.0,0.0,0.0,0.0,0.0,0.0,0.0,0.0,0.0,0.0,0.0,0.0,0.0,0.0,0.0,0.0,0.0,0.0,0.0,0.0,0.0,0.0,0.0,0.0,0.0,0.0,0.0,0.0,0.0,0.0,0.0,0.0,0.0,0.0,0.0,0.0,0.0,0.0,0.0,0.0
107,0,2019,525,0,0,0,225,0,225,7.0,Colombo,PSS ENEM,0.6232,0,2.0,0.0,0.0,1.0,70.0,79.0,89.0,13.0,63.0,0.0,0.0,0.0,0.0,0.0,0.0,0.0,0.0,0.0,0.0,0.0,0.0,0.0,0.0,0.0,0.0,0.0,0.0,0.0,0.0,100.0,94.0,84.0,94.0,97.0,0.0,0.0,0.0,0.0,0.0,0.0,0.0,0.0,0.0,0.0,0.0,0.0,0.0,0.0,0.0,0.0,0.0,0.0,0.0,0.0
108,0,2009,360,0,0,0,0,0,0,0.0,Palotina,Vestibular,0.0074,0,2.0,0.0,6.0,0.0,0.0,7.0,0.0,0.0,0.0,0.0,0.0,0.0,0.0,0.0,0.0,0.0,0.0,0.0,0.0,0.0,0.0,0.0,0.0,0.0,0.0,0.0,0.0,0.0,0.0,9.0,34.0,7.0,0.0,0.0,0.0,0.0,0.0,0.0,0.0,0.0,0.0,0.0,0.0,0.0,0.0,0.0,0.0,0.0,0.0,0.0,0.0,0.0,0.0,0.0
109,1,2013,918,0,0,0,0,0,0,0.0,Palotina,SISU,0.3568,1,11.0,1.0,13.0,7.0,93.0,43.5,43.5,48.0,56.0,88.0,83.0,0.0,29.0,7.5,17.0,0.0,0.0,0.0,79.0,0.0,0.0,4.0,88.0,0.0,3.0,12.5,70.0,0.0,0.0,94.0,94.0,94.0,92.5,100.0,88.0,100.0,0.0,88.0,67.0,79.5,0.0,0.0,0.0,94.0,0.0,100.0,55.0,100.0,0.0,53.0,60.5,100.0,0.0,0.0
110,1,0,0,0,0,0,0,0,0,0.0,Palotina,SISU,0.0,1,2.0,0.0,0.0,0.0,0.0,0.0,0.0,0.0,0.0,0.0,0.0,0.0,0.0,0.0,0.0,0.0,0.0,0.0,0.0,0.0,0.0,0.0,0.0,0.0,0.0,0.0,0.0,0.0,0.0,0.0,0.0,0.0,0.0,0.0,0.0,0.0,0.0,0.0,0.0,0.0,0.0,0.0,0.0,0.0,0.0,0.0,0.0,0.0,0.0,0.0,0.0,0.0,0.0,0.0
111,0,2018,915,0,0,0,615,0,615,19.1,Cruzeiro do Oeste,Vestibular,0.5965,0,4.0,0.0,2.0,3.0,81.0,72.0,58.0,51.0,70.0,84.0,72.0,0.0,0.0,17.5,55.0,70.0,0.0,0.0,42.0,0.0,0.0,0.0,20.0,70.0,0.0,0.0,0.0,0.0,0.0,96.0,87.0,84.0,90.0,94.0,80.0,87.0,0.0,84.0,46.0,90.0,94.0,20.0,0.0,80.0,0.0,0.0,0.0,27.0,94.0,0.0,0.0,0.0,0.0,0.0
112,1,0,0,0,0,0,0,0,0,0.0,Perobal,SISU,0.0,0,2.0,0.0,0.0,0.0,0.0,0.0,0.0,0.0,0.0,0.0,0.0,0.0,0.0,0.0,0.0,0.0,0.0,0.0,0.0,0.0,0.0,0.0,0.0,0.0,0.0,0.0,0.0,0.0,0.0,0.0,0.0,0.0,0.0,0.0,0.0,0.0,0.0,0.0,0.0,0.0,0.0,0.0,0.0,0.0,0.0,0.0,0.0,0.0,0.0,0.0,0.0,0.0,0.0,0.0
113,1,2017,1584,0,0,0,1584,0,1584,48.9,Terra Roxa,Vestibular,0.8109,0,8.0,0.0,0.0,0.0,76.0,86.0,86.0,80.0,81.0,94.0,88.0,0.0,75.0,90.0,100.0,0.0,0.0,0.0,86.0,0.0,65.0,73.0,75.0,0.0,92.0,89.0,90.0,0.0,94.0,100.0,100.0,100.0,100.0,95.0,100.0,96.0,0.0,93.0,100.0,93.0,0.0,0.0,0.0,100.0,0.0,97.0,94.0,100.0,0.0,100.0,94.0,100.0,0.0,95.0
114,0,2022,330,0,0,0,0,0,0,0.0,Brasília,SISU,0.0,0,2.0,0.0,0.0,0.0,0.0,0.0,0.0,0.0,0.0,0.0,0.0,0.0,0.0,0.0,0.0,0.0,0.0,0.0,0.0,0.0,0.0,0.0,0.0,0.0,0.0,0.0,0.0,0.0,0.0,0.0,0.0,0.0,0.0,0.0,0.0,0.0,0.0,0.0,0.0,0.0,0.0,0.0,0.0,0.0,0.0,0.0,0.0,0.0,0.0,0.0,0.0,0.0,0.0,0.0
115,1,2017,780,0,0,0,780,0,780,24.3,Palotina,Vestibular,0.518,0,8.0,0.0,0.0,5.0,82.0,0.0,59.0,87.0,70.0,82.0,74.0,0.0,14.0,34.0,25.0,0.0,0.0,0.0,0.0,0.0,0.0,0.0,60.0,0.0,0.0,42.0,65.0,0.0,0.0,88.0,0.0,96.0,97.0,88.0,83.0,85.0,0.0,83.0,81.0,77.0,0.0,0.0,0.0,0.0,0.0,0.0,0.0,96.0,0.0,0.0,100.0,97.0,0.0,0.0
116,1,0,0,0,0,0,0,0,0,0.0,Palotina,SISU,0.0242,0,2.0,0.0,0.0,0.0,0.0,0.0,0.0,0.0,0.0,0.0,0.0,0.0,0.0,0.0,0.0,0.0,0.0,0.0,0.0,0.0,0.0,0.0,0.0,0.0,0.0,0.0,0.0,0.0,0.0,0.0,0.0,0.0,0.0,0.0,0.0,0.0,0.0,0.0,0.0,0.0,0.0,0.0,0.0,0.0,0.0,0.0,0.0,0.0,0.0,0.0,0.0,0.0,0.0,0.0
117,1,0,0,0,0,0,0,0,0,0.0,São Paulo,SISU,0.0,0,2.0,0.0,0.0,0.0,0.0,0.0,0.0,0.0,0.0,0.0,0.0,0.0,0.0,0.0,0.0,0.0,0.0,0.0,0.0,0.0,0.0,0.0,0.0,0.0,0.0,0.0,0.0,0.0,0.0,0.0,0.0,0.0,0.0,0.0,0.0,0.0,0.0,0.0,0.0,0.0,0.0,0.0,0.0,0.0,0.0,0.0,0.0,0.0,0.0,0.0,0.0,0.0,0.0,0.0
118,1,2018,234,0,0,0,234,0,234,7.2,Maripá,Vestibular,0.359,0,6.0,0.0,0.0,7.0,50.0,20.0,20.0,28.0,23.0,0.0,100.0,0.0,0.0,11.0,53.0,0.0,0.0,0.0,0.0,0.0,0.0,0.0,88.0,0.0,0.0,0.0,40.0,0.0,0.0,94.0,50.0,50.0,97.0,85.0,0.0,92.0,0.0,82.0,76.0,93.0,0.0,0.0,0.0,0.0,0.0,0.0,0.0,96.0,0.0,0.0,0.0,95.0,0.0,0.0
119,1,2019,210,0,0,0,180,30,210,6.5,Palotina,Vestibular,0.2609,0,5.0,0.0,3.0,0.0,0.0,0.0,0.0,40.0,78.0,0.0,100.0,0.0,0.0,0.0,0.0,0.0,0.0,0.0,0.0,0.0,0.0,0.0,80.0,0.0,0.0,0.0,0.0,0.0,0.0,0.0,0.0,0.0,63.0,90.0,0.0,100.0,0.0,0.0,0.0,0.0,0.0,0.0,0.0,0.0,0.0,74.0,0.0,100.0,0.0,0.0,0.0,0.0,0.0,0.0
120,0,2022,615,0,0,0,285,0,285,8.9,Palotina,PSS ENEM,0.78,0,2.0,0.0,0.0,0.0,72.0,95.0,99.0,50.0,78.0,0.0,0.0,0.0,0.0,0.0,0.0,0.0,0.0,0.0,0.0,0.0,0.0,0.0,0.0,0.0,0.0,0.0,0.0,0.0,0.0,100.0,94.0,97.0,100.0,100.0,0.0,0.0,0.0,0.0,0.0,0.0,0.0,0.0,0.0,0.0,0.0,0.0,0.0,0.0,0.0,0.0,0.0,0.0,0.0,0.0
